<?xml version="1.0" encoding="UTF-8"?>
<project-private xmlns="http://www.netbeans.org/ns/project-private/1">
    <editor-bookmarks xmlns="http://www.netbeans.org/ns/editor-bookmarks/2" lastBookmarkId="0"/>
    <open-files xmlns="http://www.netbeans.org/ns/projectui-open-files/2">
        <group>
            <file>file:/F:/ProductInventorySystem5%20(1)/src/productinventorysystem1/Main.java</file>
            <file>file:/F:/ProductInventorySystem5%20(1)/src/productinventorysystem1/customerView.fxml</file>
            <file>file:/F:/ProductInventorySystem5%20(1)/src/productinventorysystem1/Dashboard.fxml</file>
            <file>file:/F:/ProductInventorySystem5%20(1)/src/productinventorysystem1/login.fxml</file>
            <file>file:/F:/ProductInventorySystem5%20(1)/src/productinventorysystem1/productView.fxml</file>
            <file>file:/F:/ProductInventorySystem5%20(1)/src/productinventorysystem1/signup.fxml</file>
        </group>
    </open-files>
</project-private>
